대업종,중업종,항목,전체,5인 미만,5~9인,10~29인,30~49인,50~99인,100~299인,300~499인,500~999인,1000인 이상,통계기준년
총계,소계,사업장수 (개소),2876635,2145395,370946,262738,48004,29379,16023,2329,1220,601,2021
총계,소계,근로자수 (명),19378565,3212578,2410003,4180261,1793613,1999615,2577703,874924,824770,1505098,2021
총계,소계,요양재해자수 (명),122713,37267,16522,25920,9467,9653,11341,3403,3139,6001,2021
총계,소계,요양재해율 (%),0.63,1.16,0.69,0.62,0.53,0.48,0.44,0.39,0.38,0.4,2021
광업,소계,사업장수 (개소),1071,613,185,227,32,8,3,1,2,0,2021
광업,소계,근로자수 (명),10257,1082,1199,3904,1178,552,530,368,1444,0,2021
광업,소계,요양재해자수 (명),3336,145,105,248,231,227,586,561,1137,96,2021
광업,소계,요양재해율 (%),32.52,13.4,8.76,6.35,19.61,41.12,110.57,152.45,78.74,-,2021
광업,석탄광업 및 채석업,사업장수 (개소),56,26,15,10,1,0,1,1,2,0,2021
광업,석탄광업 및 채석업,근로자수 (명),2425,39,93,194,30,0,257,368,1444,0,2021
광업,석탄광업 및 채석업,요양재해자수 (명),2923,61,52,104,180,182,555,556,1137,96,2021
광업,석탄광업 및 채석업,요양재해율 (%),120.54,156.41,55.91,53.61,600,-,215.95,151.09,78.74,-,2021
광업,석회석·금속·비금속광업 및 기타광업,사업장수 (개소),1015,587,170,217,31,8,2,0,0,0,2021
광업,석회석·금속·비금속광업 및 기타광업,근로자수 (명),7832,1043,1106,3710,1148,552,273,0,0,0,2021
광업,석회석·금속·비금속광업 및 기타광업,요양재해자수 (명),413,84,53,144,51,45,31,5,0,0,2021
광업,석회석·금속·비금속광업 및 기타광업,요양재해율 (%),5.27,8.05,4.79,3.88,4.44,8.15,11.36,-,0,0,2021
제조업,소계,사업장수 (개소),400242,263433,62170,52755,10846,6737,3545,426,197,133,2021
제조업,소계,근로자수 (명),3959780,423909,408533,860581,409387,465874,562136,160538,134352,534470,2021
제조업,소계,요양재해자수 (명),31709,6472,4412,7459,2741,2726,2992,742,559,3606,2021
제조업,소계,요양재해율 (%),0.8,1.53,1.08,0.87,0.67,0.59,0.53,0.46,0.42,0.67,2021
제조업,식료품제조업,사업장수 (개소),30752,18853,4831,4819,1091,723,370,38,22,5,2021
제조업,식료품제조업,근로자수 (명),328898,30150,32043,79597,41290,49802,60301,14399,14987,6329,2021
제조업,식료품제조업,요양재해자수 (명),3287,474,476,891,406,438,458,58,60,26,2021
제조업,식료품제조업,요양재해율 (%),1,1.57,1.49,1.12,0.98,0.88,0.76,0.4,0.4,0.41,2021
제조업,섬유 및 섬유제품 제조업,사업장수 (개소),27626,19854,3826,2962,543,309,120,7,4,1,2021
제조업,섬유 및 섬유제품 제조업,근로자수 (명),170121,31075,25105,48385,20563,21151,17598,2565,2590,1089,2021
제조업,섬유 및 섬유제품 제조업,요양재해자수 (명),1084,273,171,311,113,111,67,13,14,11,2021
제조업,섬유 및 섬유제품 제조업,요양재해율 (%),0.64,0.88,0.68,0.64,0.55,0.52,0.38,0.51,0.54,1.01,2021
제조업,목재 및 종이제품 제조업,사업장수 (개소),17675,11951,2884,2271,317,152,93,6,1,0,2021
제조업,목재 및 종이제품 제조업,근로자수 (명),114654,19481,18814,36315,11879,10423,14697,2492,553,0,2021
제조업,목재 및 종이제품 제조업,요양재해자수 (명),1635,536,332,427,115,90,115,17,3,0,2021
제조업,목재 및 종이제품 제조업,요양재해율 (%),1.43,2.75,1.76,1.18,0.97,0.86,0.78,0.68,0.54,0,2021
제조업,출판·인쇄·제본업,사업장수 (개소),18705,14056,2449,1657,289,166,77,6,5,0,2021
제조업,출판·인쇄·제본업,근로자수 (명),102721,21611,15959,26549,10860,11473,11052,2414,2803,0,2021
제조업,출판·인쇄·제본업,요양재해자수 (명),406,114,65,133,38,30,24,2,0,0,2021
제조업,출판·인쇄·제본업,요양재해율 (%),0.4,0.53,0.41,0.5,0.35,0.26,0.22,0.08,0,0,2021
제조업,화학 및 고무제품 제조업,사업장수 (개소),40301,24112,6874,6424,1482,883,443,38,30,15,2021
제조업,화학 및 고무제품 제조업,근로자수 (명),438466,41569,45356,106615,56174,60592,69460,13745,21341,23614,2021
제조업,화학 및 고무제품 제조업,요양재해자수 (명),3516,583,451,815,345,320,340,50,53,559,2021
제조업,화학 및 고무제품 제조업,요양재해율 (%),0.8,1.4,0.99,0.76,0.61,0.53,0.49,0.36,0.25,2.37,2021
제조업,의약품·화장품·연탄·석유제품제조업,사업장수 (개소),3576,1694,513,662,222,262,173,30,14,6,2021
제조업,의약품·화장품·연탄·석유제품제조업,근로자수 (명),105005,2833,3476,11493,8471,18557,27964,10834,8948,12429,2021
제조업,의약품·화장품·연탄·석유제품제조업,요양재해자수 (명),314,23,24,67,31,48,80,16,14,11,2021
제조업,의약품·화장품·연탄·석유제품제조업,요양재해율 (%),0.3,0.81,0.69,0.58,0.37,0.26,0.29,0.15,0.16,0.09,2021
제조업,기계기구·금속·비금속광물제품제조업,사업장수 (개소),175565,116976,27515,22792,4467,2379,1201,148,52,35,2021
제조업,기계기구·금속·비금속광물제품제조업,근로자수 (명),1479648,187846,180497,369950,167945,163200,191684,55779,34891,127856,2021
제조업,기계기구·금속·비금속광물제품제조업,요양재해자수 (명),14891,3487,2273,3762,1247,1025,1103,448,252,1294,2021
제조업,기계기구·금속·비금속광물제품제조업,요양재해율 (%),1.01,1.86,1.26,1.02,0.74,0.63,0.58,0.8,0.72,1.01,2021
제조업,금속제련업,사업장수 (개소),289,93,36,56,22,25,41,6,4,6,2021
제조업,금속제련업,근로자수 (명),43138,156,262,918,844,1914,8060,2221,2547,26216,2021
제조업,금속제련업,요양재해자수 (명),275,2,2,17,17,26,57,10,17,127,2021
제조업,금속제련업,요양재해율 (%),0.64,1.28,0.76,1.85,2.01,1.36,0.71,0.45,0.67,0.48,2021
제조업,전기기계기구·정밀기구·전자제품제조업,사업장수 (개소),54267,34488,8426,7308,1720,1279,785,139,62,60,2021
제조업,전기기계기구·정밀기구·전자제품제조업,근로자수 (명),909307,56086,55280,120520,65529,89005,126181,53257,43192,300257,2021
제조업,전기기계기구·정밀기구·전자제품제조업,요양재해자수 (명),1914,289,206,394,187,249,242,110,63,174,2021
제조업,전기기계기구·정밀기구·전자제품제조업,요양재해율 (%),0.21,0.52,0.37,0.33,0.29,0.28,0.19,0.21,0.15,0.06,2021
제조업,선박건조 및 수리업,사업장수 (개소),7298,4011,1305,1161,244,376,187,6,3,5,2021
제조업,선박건조 및 수리업,근로자수 (명),137123,6261,8778,17499,9032,27419,26762,2192,2500,36680,2021
제조업,선박건조 및 수리업,요양재해자수 (명),3125,320,178,246,113,307,460,14,83,1404,2021
제조업,선박건조 및 수리업,요양재해율 (%),2.28,5.11,2.03,1.41,1.25,1.12,1.72,0.64,3.32,3.83,2021
제조업,수제품 및 기타제품 제조업,사업장수 (개소),24188,17345,3511,2643,449,183,55,2,0,0,2021
제조업,수제품 및 기타제품 제조업,근로자수 (명),130699,26841,22963,42740,16800,12338,8377,640,0,0,2021
제조업,수제품 및 기타제품 제조업,요양재해자수 (명),1262,371,234,396,129,82,46,4,0,0,2021
제조업,수제품 및 기타제품 제조업,요양재해율 (%),0.97,1.38,1.02,0.93,0.77,0.66,0.55,0.63,0,0,2021
전기·가스·증기 및 수도사업,소계,사업장수 (개소),3341,2181,256,313,201,237,118,21,5,9,2021
전기·가스·증기 및 수도사업,소계,근로자수 (명),79791,2594,1707,5693,7736,16471,20201,7976,3799,13614,2021
전기·가스·증기 및 수도사업,소계,요양재해자수 (명),130,8,5,32,20,21,23,6,4,11,2021
전기·가스·증기 및 수도사업,소계,요양재해율 (%),0.16,0.31,0.29,0.56,0.26,0.13,0.11,0.08,0.11,0.08,2021
전기·가스·증기 및 수도사업,전기·가스·증기 및 수도사업,사업장수 (개소),3341,2181,256,313,201,237,118,21,5,9,2021
전기·가스·증기 및 수도사업,전기·가스·증기 및 수도사업,근로자수 (명),79791,2594,1707,5693,7736,16471,20201,7976,3799,13614,2021
전기·가스·증기 및 수도사업,전기·가스·증기 및 수도사업,요양재해자수 (명),130,8,5,32,20,21,23,6,4,11,2021
전기·가스·증기 및 수도사업,전기·가스·증기 및 수도사업,요양재해율 (%),0.16,0.31,0.29,0.56,0.26,0.13,0.11,0.08,0.11,0.08,2021
건설업,소계,사업장수 (개소),400990,330244,32217,26984,4587,3276,2788,596,241,57,2021
건설업,소계,근로자수 (명),2378751,388353,213136,432409,171833,226153,475534,221657,155047,94629,2021
건설업,소계,요양재해자수 (명),29943,12259,3836,5886,1876,1758,2421,1030,565,312,2021
건설업,소계,요양재해율 (%),1.26,3.16,1.8,1.36,1.09,0.78,0.51,0.46,0.36,0.33,2021
건설업,건설업,사업장수 (개소),400990,330244,32217,26984,4587,3276,2788,596,241,57,2021
건설업,건설업,근로자수 (명),2378751,388353,213136,432409,171833,226153,475534,221657,155047,94629,2021
건설업,건설업,요양재해자수 (명),29943,12259,3836,5886,1876,1758,2421,1030,565,312,2021
건설업,건설업,요양재해율 (%),1.26,3.16,1.8,1.36,1.09,0.78,0.51,0.46,0.36,0.33,2021
운수·창고 및 통신업,소계,사업장수 (개소),93249,69599,9174,8765,2305,1938,1201,141,71,55,2021
운수·창고 및 통신업,소계,근로자수 (명),993678,91293,59635,144934,87053,134790,193608,53868,45573,182924,2021
운수·창고 및 통신업,소계,요양재해자수 (명),10091,3587,854,1653,629,928,947,226,159,1108,2021
운수·창고 및 통신업,소계,요양재해율 (%),1.02,3.93,1.43,1.14,0.72,0.69,0.49,0.42,0.35,0.61,2021
운수·창고 및 통신업,철도·항공·창고·운수관련서비스업,사업장수 (개소),44300,32371,4990,4632,1025,727,413,62,36,44,2021
운수·창고 및 통신업,철도·항공·창고·운수관련서비스업,근로자수 (명),514758,45886,32400,75562,38620,49729,66246,23647,23583,159085,2021
운수·창고 및 통신업,철도·항공·창고·운수관련서비스업,요양재해자수 (명),2854,696,210,468,214,282,295,102,112,475,2021
운수·창고 및 통신업,철도·항공·창고·운수관련서비스업,요양재해율 (%),0.55,1.52,0.65,0.62,0.55,0.57,0.45,0.43,0.47,0.3,2021
운수·창고 및 통신업,육상 및 수상운수업,사업장수 (개소),43191,33780,3364,3359,1013,915,664,63,25,8,2021
운수·창고 및 통신업,육상 및 수상운수업,근로자수 (명),380489,39116,22157,55691,38377,64428,107082,23762,15865,14011,2021
운수·창고 및 통신업,육상 및 수상운수업,요양재해자수 (명),6942,2834,620,1102,350,602,636,121,45,632,2021
운수·창고 및 통신업,육상 및 수상운수업,요양재해율 (%),1.82,7.25,2.8,1.98,0.91,0.93,0.59,0.51,0.28,4.51,2021
운수·창고 및 통신업,통신업,사업장수 (개소),5758,3448,820,774,267,296,124,16,10,3,2021
운수·창고 및 통신업,통신업,근로자수 (명),98431,6291,5078,13681,10056,20633,20280,6459,6125,9828,2021
운수·창고 및 통신업,통신업,요양재해자수 (명),295,57,24,83,65,44,16,3,2,1,2021
운수·창고 및 통신업,통신업,요양재해율 (%),0.3,0.91,0.47,0.61,0.65,0.21,0.08,0.05,0.03,0.01,2021
임업,소계,사업장수 (개소),14596,6783,4835,2474,361,60,64,16,3,0,2021
임업,소계,근로자수 (명),110395,14025,30402,34025,12349,3269,8757,5618,1950,0,2021
임업,소계,요양재해자수 (명),946,571,235,119,15,2,4,0,0,0,2021
임업,소계,요양재해율 (%),0.86,4.07,0.77,0.35,0.12,0.06,0.05,0,0,0,2021
임업,임업,사업장수 (개소),14596,6783,4835,2474,361,60,64,16,3,0,2021
임업,임업,근로자수 (명),110395,14025,30402,34025,12349,3269,8757,5618,1950,0,2021
임업,임업,요양재해자수 (명),946,571,235,119,15,2,4,0,0,0,2021
임업,임업,요양재해율 (%),0.86,4.07,0.77,0.35,0.12,0.06,0.05,0,0,0,2021
어업,소계,사업장수 (개소),1918,1603,258,54,3,0,0,0,0,0,2021
어업,소계,근로자수 (명),4955,2474,1582,785,114,0,0,0,0,0,2021
어업,소계,요양재해자수 (명),74,41,23,10,0,0,0,0,0,0,2021
어업,소계,요양재해율 (%),1.49,1.66,1.45,1.27,0,0,0,0,0,0,2021
어업,어업,사업장수 (개소),1918,1603,258,54,3,0,0,0,0,0,2021
어업,어업,근로자수 (명),4955,2474,1582,785,114,0,0,0,0,0,2021
어업,어업,요양재해자수 (명),74,41,23,10,0,0,0,0,0,0,2021
어업,어업,요양재해율 (%),1.49,1.66,1.45,1.27,0,0,0,0,0,0,2021
농업,소계,사업장수 (개소),20302,15912,2679,1432,206,53,19,1,0,0,2021
농업,소계,근로자수 (명),78999,25902,17567,21574,7679,3261,2616,400,0,0,2021
농업,소계,요양재해자수 (명),668,326,129,159,30,19,5,0,0,0,2021
농업,소계,요양재해율 (%),0.85,1.26,0.73,0.74,0.39,0.58,0.19,0,0,0,2021
농업,농업,사업장수 (개소),20302,15912,2679,1432,206,53,19,1,0,0,2021
농업,농업,근로자수 (명),78999,25902,17567,21574,7679,3261,2616,400,0,0,2021
농업,농업,요양재해자수 (명),668,326,129,159,30,19,5,0,0,0,2021
농업,농업,요양재해율 (%),0.85,1.26,0.73,0.74,0.39,0.58,0.19,0,0,0,2021
금융 및 보험업,소계,사업장수 (개소),43679,14897,8867,14648,3089,1407,576,93,58,44,2021
금융 및 보험업,소계,근로자수 (명),781685,25916,61657,239479,114125,92030,88180,35945,39717,84636,2021
금융 및 보험업,소계,요양재해자수 (명),408,59,45,111,96,46,29,6,4,12,2021
금융 및 보험업,소계,요양재해율 (%),0.05,0.23,0.07,0.05,0.08,0.05,0.03,0.02,0.01,0.01,2021
금융 및 보험업,금융 및 보험업,사업장수 (개소),43679,14897,8867,14648,3089,1407,576,93,58,44,2021
금융 및 보험업,금융 및 보험업,근로자수 (명),781685,25916,61657,239479,114125,92030,88180,35945,39717,84636,2021
금융 및 보험업,금융 및 보험업,요양재해자수 (명),408,59,45,111,96,46,29,6,4,12,2021
금융 및 보험업,금융 및 보험업,요양재해율 (%),0.05,0.23,0.07,0.05,0.08,0.05,0.03,0.02,0.01,0.01,2021
기타의 사업,소계,사업장수 (개소),1897247,1440130,250305,155086,26374,15663,7709,1034,643,303,2021
기타의 사업,소계,근로자수 (명),10980274,2237030,1614585,2436877,982159,1057215,1226141,388554,442888,594825,2021
기타의 사업,소계,요양재해자수 (명),45408,13799,6878,10243,3829,3926,4334,832,711,856,2021
기타의 사업,소계,요양재해율 (%),0.41,0.62,0.43,0.42,0.39,0.37,0.35,0.21,0.16,0.14,2021
기타의 사업,시설관리및사업지원서비스업,사업장수 (개소),257544,163377,47412,34920,6041,3797,1683,182,105,27,2021
기타의 사업,시설관리및사업지원서비스업,근로자수 (명),2061786,284946,308465,543930,226180,254114,256139,67944,73514,46554,2021
기타의 사업,시설관리및사업지원서비스업,요양재해자수 (명),9213,2547,1722,2546,920,797,503,103,57,18,2021
기타의 사업,시설관리및사업지원서비스업,요양재해율 (%),0.45,0.89,0.56,0.47,0.41,0.31,0.2,0.15,0.08,0.04,2021
기타의 사업,해외파견자,사업장수 (개소),4995,3602,540,555,115,103,62,10,7,1,2021
기타의 사업,해외파견자,근로자수 (명),47982,4476,3578,9092,4294,7134,9222,4073,4805,1308,2021
기타의 사업,해외파견자,요양재해자수 (명),30,5,5,7,3,5,3,1,1,0,2021
기타의 사업,해외파견자,요양재해율 (%),0.06,0.11,0.14,0.08,0.07,0.07,0.03,0.02,0.02,0,2021
기타의 사업,전문·보건·교육·여가관련서비스업,사업장수 (개소),445408,303322,70914,49580,10111,7161,3447,478,278,117,2021
기타의 사업,전문·보건·교육·여가관련서비스업,근로자수 (명),3814557,521568,458548,795724,381929,486796,557384,179393,187617,245598,2021
기타의 사업,전문·보건·교육·여가관련서비스업,요양재해자수 (명),8584,1139,949,2156,1202,1392,1156,282,155,153,2021
기타의 사업,전문·보건·교육·여가관련서비스업,요양재해율 (%),0.23,0.22,0.21,0.27,0.31,0.29,0.21,0.16,0.08,0.06,2021
기타의 사업,도소매·음식·숙박업,사업장수 (개소),901995,743003,100004,48303,6166,2818,1425,147,95,34,2021
기타의 사업,도소매·음식·숙박업,근로자수 (명),3288485,1086006,642376,729376,226640,188052,227937,54668,66926,66504,2021
기타의 사업,도소매·음식·숙박업,요양재해자수 (명),20569,8639,3533,3760,941,1191,1942,221,148,194,2021
기타의 사업,도소매·음식·숙박업,요양재해율 (%),0.63,0.8,0.55,0.52,0.42,0.63,0.85,0.4,0.22,0.29,2021
기타의 사업,부동산업 및 임대업,사업장수 (개소),63391,58839,3111,1211,105,62,46,11,2,4,2021
기타의 사업,부동산업 및 임대업,근로자수 (명),138831,73434,19534,18168,3970,4253,7723,4364,1230,6155,2021
기타의 사업,부동산업 및 임대업,요양재해자수 (명),242,147,45,32,3,4,5,3,1,2,2021
기타의 사업,부동산업 및 임대업,요양재해율 (%),0.17,0.2,0.23,0.18,0.08,0.09,0.06,0.07,0.08,0.03,2021
기타의 사업,국가 및 지방자치단체의 사업,사업장수 (개소),36376,15778,6029,10363,2603,851,523,90,83,56,2021
기타의 사업,국가 및 지방자치단체의 사업,근로자수 (명),666566,28615,40708,187525,93282,57422,82553,33461,58722,84278,2021
기타의 사업,국가 및 지방자치단체의 사업,요양재해자수 (명),4981,474,329,1430,661,463,626,206,340,452,2021
기타의 사업,국가 및 지방자치단체의 사업,요양재해율 (%),0.75,1.66,0.81,0.76,0.71,0.81,0.76,0.62,0.58,0.54,2021
기타의 사업,주한미군,사업장수 (개소),177,35,18,38,15,32,26,5,2,6,2021
기타의 사업,주한미군,근로자수 (명),21872,107,118,548,560,2241,4661,1940,1229,10468,2021
기타의 사업,주한미군,요양재해자수 (명),35,0,4,2,1,3,10,2,0,13,2021
기타의 사업,주한미군,요양재해율 (%),0.16,0,3.39,0.36,0.18,0.13,0.21,0.1,0,0.12,2021
기타의 사업,기타의 각종사업,사업장수 (개소),187361,152174,22277,10116,1218,839,497,111,71,58,2021
기타의 사업,기타의 각종사업,근로자수 (명),940195,237878,141258,152514,45304,57203,80522,42711,48845,133960,2021
기타의 사업,기타의 각종사업,요양재해자수 (명),1754,848,291,310,98,71,89,14,9,24,2021
기타의 사업,기타의 각종사업,요양재해율 (%),0.19,0.36,0.21,0.2,0.22,0.12,0.11,0.03,0.02,0.02,2021
총계,소계,사업장수 (개소),2976026,2224981,378909,271362,49755,30167,16468,2457,1296,631,2022
총계,소계,근로자수 (명),20173615,3424470,2460763,4315106,1862172,2056397,2649823,922228,874015,1608641,2022
총계,소계,요양재해자수 (명),130348,38432,16179,26506,10005,9958,12878,3988,4150,8252,2022
총계,소계,요양재해율 (%),0.65,1.12,0.66,0.61,0.54,0.48,0.49,0.43,0.47,0.51,2022
광업,소계,사업장수 (개소),1055,623,165,221,33,5,5,1,2,0,2022
광업,소계,근로자수 (명),9850,1155,1096,3680,1253,331,682,323,1330,0,2022
광업,소계,요양재해자수 (명),3873,145,81,332,278,221,715,647,1333,121,2022
광업,소계,요양재해율 (%),39.32,12.55,7.39,9.02,22.19,66.77,104.84,200.31,100.23,-,2022
광업,석탄광업 및 채석업,사업장수 (개소),58,31,13,8,2,0,1,1,2,0,2022
광업,석탄광업 및 채석업,근로자수 (명),2234,44,83,149,69,0,236,323,1330,0,2022
광업,석탄광업 및 채석업,요양재해자수 (명),3425,58,42,156,215,192,663,645,1333,121,2022
광업,석탄광업 및 채석업,요양재해율 (%),153.31,131.82,50.6,104.7,311.59,-,280.93,199.69,100.23,-,2022
광업,석회석·금속·비금속광업 및 기타광업,사업장수 (개소),997,592,152,213,31,5,4,0,0,0,2022
광업,석회석·금속·비금속광업 및 기타광업,근로자수 (명),7616,1111,1013,3531,1184,331,446,0,0,0,2022
광업,석회석·금속·비금속광업 및 기타광업,요양재해자수 (명),448,87,39,176,63,29,52,2,0,0,2022
광업,석회석·금속·비금속광업 및 기타광업,요양재해율 (%),5.88,7.83,3.85,4.98,5.32,8.76,11.66,-,0,0,2022
제조업,소계,사업장수 (개소),410117,273119,62291,53165,10647,6617,3497,441,202,138,2022
제조업,소계,근로자수 (명),3988609,452878,409129,868739,403096,456575,554716,166609,136066,540801,2022
제조업,소계,요양재해자수 (명),31554,6521,4150,7281,2702,2530,2920,774,648,4028,2022
제조업,소계,요양재해율 (%),0.79,1.44,1.01,0.84,0.67,0.55,0.53,0.46,0.48,0.74,2022
제조업,식료품제조업,사업장수 (개소),32060,19788,4976,5031,1110,722,362,42,23,6,2022
제조업,식료품제조업,근로자수 (명),338515,33005,33064,82774,42109,49699,59416,15825,15099,7524,2022
제조업,식료품제조업,요양재해자수 (명),3344,515,408,1004,426,371,400,107,59,54,2022
제조업,식료품제조업,요양재해율 (%),0.99,1.56,1.23,1.21,1.01,0.75,0.67,0.68,0.39,0.72,2022
제조업,섬유 및 섬유제품 제조업,사업장수 (개소),27922,20384,3714,2904,513,281,113,9,3,1,2022
제조업,섬유 및 섬유제품 제조업,근로자수 (명),165924,32788,24252,47411,19443,18944,16582,3352,2096,1056,2022
제조업,섬유 및 섬유제품 제조업,요양재해자수 (명),1167,306,176,325,117,113,78,18,15,19,2022
제조업,섬유 및 섬유제품 제조업,요양재해율 (%),0.7,0.93,0.73,0.69,0.6,0.6,0.47,0.54,0.72,1.8,2022
제조업,목재 및 종이제품 제조업,사업장수 (개소),18275,12558,2907,2239,323,148,90,9,1,0,2022
제조업,목재 및 종이제품 제조업,근로자수 (명),116483,21175,19114,36000,12165,10138,13966,3370,555,0,2022
제조업,목재 및 종이제품 제조업,요양재해자수 (명),1556,497,311,417,104,82,124,19,2,0,2022
제조업,목재 및 종이제품 제조업,요양재해율 (%),1.34,2.35,1.63,1.16,0.85,0.81,0.89,0.56,0.36,0,2022
제조업,출판·인쇄·제본업,사업장수 (개소),18882,14251,2424,1672,284,162,80,5,4,0,2022
제조업,출판·인쇄·제본업,근로자수 (명),103020,22523,15784,26785,10604,10958,11822,2106,2438,0,2022
제조업,출판·인쇄·제본업,요양재해자수 (명),420,116,66,130,42,37,28,1,0,0,2022
제조업,출판·인쇄·제본업,요양재해율 (%),0.41,0.52,0.42,0.49,0.4,0.34,0.24,0.05,0,0,2022
제조업,화학 및 고무제품 제조업,사업장수 (개소),40953,24810,6843,6461,1475,829,447,44,30,14,2022
제조업,화학 및 고무제품 제조업,근로자수 (명),437322,44036,45160,107384,55819,56581,70010,15663,20543,22126,2022
제조업,화학 및 고무제품 제조업,요양재해자수 (명),3363,502,379,726,337,278,258,53,57,773,2022
제조업,화학 및 고무제품 제조업,요양재해율 (%),0.77,1.14,0.84,0.68,0.6,0.49,0.37,0.34,0.28,3.49,2022
제조업,의약품·화장품·연탄·석유제품제조업,사업장수 (개소),3691,1749,557,669,222,266,176,29,17,6,2022
제조업,의약품·화장품·연탄·석유제품제조업,근로자수 (명),109109,3043,3714,11590,8583,18783,28316,10909,11056,13115,2022
제조업,의약품·화장품·연탄·석유제품제조업,요양재해자수 (명),379,24,30,66,48,61,91,18,17,24,2022
제조업,의약품·화장품·연탄·석유제품제조업,요양재해율 (%),0.35,0.79,0.81,0.57,0.56,0.32,0.32,0.17,0.15,0.18,2022
제조업,기계기구·금속·비금속광물제품제조업,사업장수 (개소),180509,121979,27571,22904,4311,2310,1187,150,58,39,2022
제조업,기계기구·금속·비금속광물제품제조업,근로자수 (명),1495569,201480,180776,373120,162605,158631,189819,56605,38928,133605,2022
제조업,기계기구·금속·비금속광물제품제조업,요양재해자수 (명),14616,3494,2188,3607,1158,931,1155,414,306,1363,2022
제조업,기계기구·금속·비금속광물제품제조업,요양재해율 (%),0.98,1.73,1.21,0.97,0.71,0.59,0.61,0.73,0.79,1.02,2022
제조업,금속제련업,사업장수 (개소),282,84,43,52,23,25,40,5,4,6,2022
제조업,금속제련업,근로자수 (명),42318,149,309,883,837,1909,7727,1806,2628,26070,2022
제조업,금속제련업,요양재해자수 (명),302,3,5,6,25,28,49,6,38,142,2022
제조업,금속제련업,요양재해율 (%),0.71,2.01,1.62,0.68,2.99,1.47,0.63,0.33,1.45,0.54,2022
제조업,전기기계기구·정밀기구·전자제품제조업,사업장수 (개소),55337,35377,8528,7320,1731,1308,810,143,59,61,2022
제조업,전기기계기구·정밀기구·전자제품제조업,근로자수 (명),920677,59052,55935,120800,66138,90939,129541,55163,40314,302795,2022
제조업,전기기계기구·정밀기구·전자제품제조업,요양재해자수 (명),1941,284,210,371,194,205,320,117,62,178,2022
제조업,전기기계기구·정밀기구·전자제품제조업,요양재해율 (%),0.21,0.48,0.38,0.31,0.29,0.23,0.25,0.21,0.15,0.06,2022
제조업,선박건조 및 수리업,사업장수 (개소),7609,4329,1326,1186,236,383,137,4,3,5,2022
제조업,선박건조 및 수리업,근로자수 (명),127758,7151,8819,17809,8944,27714,18895,1507,2409,34510,2022
제조업,선박건조 및 수리업,요양재해자수 (명),3336,418,197,291,120,352,370,21,92,1475,2022
제조업,선박건조 및 수리업,요양재해율 (%),2.61,5.85,2.23,1.63,1.34,1.27,1.96,1.39,3.82,4.27,2022
제조업,수제품 및 기타제품 제조업,사업장수 (개소),24597,17810,3402,2727,419,183,55,1,0,0,2022
제조업,수제품 및 기타제품 제조업,근로자수 (명),131914,28476,22202,44183,15849,12279,8622,303,0,0,2022
제조업,수제품 및 기타제품 제조업,요양재해자수 (명),1130,362,180,338,131,72,47,0,0,0,2022
제조업,수제품 및 기타제품 제조업,요양재해율 (%),0.86,1.27,0.81,0.77,0.83,0.59,0.55,0,0,0,2022
전기·가스·증기 및 수도사업,소계,사업장수 (개소),3502,2341,267,299,200,242,118,23,5,7,2022
전기·가스·증기 및 수도사업,소계,근로자수 (명),79103,2915,1765,5387,7662,16919,20332,8666,3887,11570,2022
전기·가스·증기 및 수도사업,소계,요양재해자수 (명),129,8,6,27,22,20,27,5,1,13,2022
전기·가스·증기 및 수도사업,소계,요양재해율 (%),0.16,0.27,0.34,0.5,0.29,0.12,0.13,0.06,0.03,0.11,2022
전기·가스·증기 및 수도사업,전기·가스·증기 및 수도사업,사업장수 (개소),3502,2341,267,299,200,242,118,23,5,7,2022
전기·가스·증기 및 수도사업,전기·가스·증기 및 수도사업,근로자수 (명),79103,2915,1765,5387,7662,16919,20332,8666,3887,11570,2022
전기·가스·증기 및 수도사업,전기·가스·증기 및 수도사업,요양재해자수 (명),129,8,6,27,22,20,27,5,1,13,2022
전기·가스·증기 및 수도사업,전기·가스·증기 및 수도사업,요양재해율 (%),0.16,0.27,0.34,0.5,0.29,0.12,0.13,0.06,0.03,0.11,2022
건설업,소계,사업장수 (개소),396622,324203,32053,28316,4784,3382,2938,623,265,58,2022
건설업,소계,근로자수 (명),2494031,395474,211878,452627,179680,234170,504312,231866,169417,114607,2022
건설업,소계,요양재해자수 (명),31245,11522,3680,6194,1964,2009,3466,1326,655,429,2022
건설업,소계,요양재해율 (%),1.25,2.91,1.74,1.37,1.09,0.86,0.69,0.57,0.39,0.37,2022
건설업,건설업,사업장수 (개소),396622,324203,32053,28316,4784,3382,2938,623,265,58,2022
건설업,건설업,근로자수 (명),2494031,395474,211878,452627,179680,234170,504312,231866,169417,114607,2022
건설업,건설업,요양재해자수 (명),31245,11522,3680,6194,1964,2009,3466,1326,655,429,2022
건설업,건설업,요양재해율 (%),1.25,2.91,1.74,1.37,1.09,0.86,0.69,0.57,0.39,0.37,2022
운수·창고 및 통신업,소계,사업장수 (개소),98044,73153,9458,9608,2381,2013,1153,142,72,64,2022
운수·창고 및 통신업,소계,근로자수 (명),1071768,95954,61807,159041,89876,139228,185815,54956,47775,237316,2022
운수·창고 및 통신업,소계,요양재해자수 (명),12468,4459,758,1559,629,876,939,209,189,2850,2022
운수·창고 및 통신업,소계,요양재해율 (%),1.16,4.65,1.23,0.98,0.7,0.63,0.51,0.38,0.4,1.2,2022
운수·창고 및 통신업,철도·항공·창고·운수관련서비스업,사업장수 (개소),45449,33372,5003,4716,1026,758,427,60,37,50,2022
운수·창고 및 통신업,철도·항공·창고·운수관련서비스업,근로자수 (명),533683,48698,32519,77096,38546,51599,67689,23316,25789,168431,2022
운수·창고 및 통신업,철도·항공·창고·운수관련서비스업,요양재해자수 (명),3157,725,214,408,215,297,377,129,127,665,2022
운수·창고 및 통신업,철도·항공·창고·운수관련서비스업,요양재해율 (%),0.59,1.49,0.66,0.53,0.56,0.58,0.56,0.55,0.49,0.39,2022
운수·창고 및 통신업,육상 및 수상운수업,사업장수 (개소),46783,36258,3679,4102,1094,960,598,60,23,9,2022
운수·창고 및 통신업,육상 및 수상운수업,근로자수 (명),432886,40719,24431,67959,41397,66946,97038,22681,14856,56859,2022
운수·창고 및 통신업,육상 및 수상운수업,요양재해자수 (명),9063,3669,513,1099,373,538,554,75,59,2183,2022
운수·창고 및 통신업,육상 및 수상운수업,요양재해율 (%),2.09,9.01,2.1,1.62,0.9,0.8,0.57,0.33,0.4,3.84,2022
운수·창고 및 통신업,통신업,사업장수 (개소),5812,3523,776,790,261,295,128,22,12,5,2022
운수·창고 및 통신업,통신업,근로자수 (명),105199,6537,4857,13986,9933,20683,21088,8959,7130,12026,2022
운수·창고 및 통신업,통신업,요양재해자수 (명),248,65,31,52,41,41,8,5,3,2,2022
운수·창고 및 통신업,통신업,요양재해율 (%),0.24,0.99,0.64,0.37,0.41,0.2,0.04,0.06,0.04,0.02,2022
임업,소계,사업장수 (개소),16483,7387,5789,2770,382,63,73,16,3,0,2022
임업,소계,근로자수 (명),124991,16279,36389,37998,13019,3449,10289,5618,1950,0,2022
임업,소계,요양재해자수 (명),968,641,208,109,3,6,1,0,0,0,2022
임업,소계,요양재해율 (%),0.77,3.94,0.57,0.29,0.02,0.17,0.01,0,0,0,2022
임업,임업,사업장수 (개소),16483,7387,5789,2770,382,63,73,16,3,0,2022
임업,임업,근로자수 (명),124991,16279,36389,37998,13019,3449,10289,5618,1950,0,2022
임업,임업,요양재해자수 (명),968,641,208,109,3,6,1,0,0,0,2022
임업,임업,요양재해율 (%),0.77,3.94,0.57,0.29,0.02,0.17,0.01,0,0,0,2022
어업,소계,사업장수 (개소),2163,1839,263,59,2,0,0,0,0,0,2022
어업,소계,근로자수 (명),5565,3023,1641,826,75,0,0,0,0,0,2022
어업,소계,요양재해자수 (명),59,31,24,4,0,0,0,0,0,0,2022
어업,소계,요양재해율 (%),1.06,1.03,1.46,0.48,0,0,0,0,0,0,2022
어업,어업,사업장수 (개소),2163,1839,263,59,2,0,0,0,0,0,2022
어업,어업,근로자수 (명),5565,3023,1641,826,75,0,0,0,0,0,2022
어업,어업,요양재해자수 (명),59,31,24,4,0,0,0,0,0,0,2022
어업,어업,요양재해율 (%),1.06,1.03,1.46,0.48,0,0,0,0,0,0,2022
농업,소계,사업장수 (개소),22509,18011,2789,1431,205,52,20,1,0,0,2022
농업,소계,근로자수 (명),84180,30568,18071,21526,7699,3181,2735,400,0,0,2022
농업,소계,요양재해자수 (명),682,320,121,157,58,11,15,0,0,0,2022
농업,소계,요양재해율 (%),0.81,1.05,0.67,0.73,0.75,0.35,0.55,0,0,0,2022
농업,농업,사업장수 (개소),22509,18011,2789,1431,205,52,20,1,0,0,2022
농업,농업,근로자수 (명),84180,30568,18071,21526,7699,3181,2735,400,0,0,2022
농업,농업,요양재해자수 (명),682,320,121,157,58,11,15,0,0,0,2022
농업,농업,요양재해율 (%),0.81,1.05,0.67,0.73,0.75,0.35,0.55,0,0,0,2022
금융 및 보험업,소계,사업장수 (개소),44013,14781,8942,14841,3174,1448,616,94,68,49,2022
금융 및 보험업,소계,근로자수 (명),815562,26268,62139,242476,117247,95186,94229,36486,46001,95530,2022
금융 및 보험업,소계,요양재해자수 (명),666,73,94,166,111,135,38,22,10,17,2022
금융 및 보험업,소계,요양재해율 (%),0.08,0.28,0.15,0.07,0.09,0.14,0.04,0.06,0.02,0.02,2022
금융 및 보험업,금융 및 보험업,사업장수 (개소),44013,14781,8942,14841,3174,1448,616,94,68,49,2022
금융 및 보험업,금융 및 보험업,근로자수 (명),815562,26268,62139,242476,117247,95186,94229,36486,46001,95530,2022
금융 및 보험업,금융 및 보험업,요양재해자수 (명),666,73,94,166,111,135,38,22,10,17,2022
금융 및 보험업,금융 및 보험업,요양재해율 (%),0.08,0.28,0.15,0.07,0.09,0.14,0.04,0.06,0.02,0.02,2022
기타의 사업,소계,사업장수 (개소),1981518,1509524,256892,160652,27947,16345,8048,1116,679,315,2022
기타의 사업,소계,근로자수 (명),11499956,2399956,1656848,2522806,1042565,1107358,1276713,417304,467589,608817,2022
기타의 사업,소계,요양재해자수 (명),48704,14712,7057,10677,4238,4150,4757,1005,1314,794,2022
기타의 사업,소계,요양재해율 (%),0.42,0.61,0.43,0.42,0.41,0.37,0.37,0.24,0.28,0.13,2022
기타의 사업,시설관리및사업지원서비스업,사업장수 (개소),266552,168699,49713,35995,6263,3861,1696,190,107,28,2022
기타의 사업,시설관리및사업지원서비스업,근로자수 (명),2129419,300144,322975,559739,233986,258418,256440,70839,74346,52532,2022
기타의 사업,시설관리및사업지원서비스업,요양재해자수 (명),9701,2696,1903,2614,991,825,467,112,70,23,2022
기타의 사업,시설관리및사업지원서비스업,요양재해율 (%),0.46,0.9,0.59,0.47,0.42,0.32,0.18,0.16,0.09,0.04,2022
기타의 사업,해외파견자,사업장수 (개소),5073,3611,547,588,140,115,57,7,7,1,2022
기타의 사업,해외파견자,근로자수 (명),48882,4754,3613,9704,5354,8056,8810,2820,4509,1262,2022
기타의 사업,해외파견자,요양재해자수 (명),29,6,2,7,3,6,4,0,0,1,2022
기타의 사업,해외파견자,요양재해율 (%),0.06,0.13,0.06,0.07,0.06,0.07,0.05,0,0,0.08,2022
기타의 사업,전문·보건·교육·여가관련서비스업,사업장수 (개소),467357,316969,73623,53484,10855,7674,3770,552,308,122,2022
기타의 사업,전문·보건·교육·여가관련서비스업,근로자수 (명),4101714,553718,477399,859308,411070,524150,607160,205759,210653,252497,2022
기타의 사업,전문·보건·교육·여가관련서비스업,요양재해자수 (명),10318,1535,965,2376,1267,1675,1634,368,289,209,2022
기타의 사업,전문·보건·교육·여가관련서비스업,요양재해율 (%),0.25,0.28,0.2,0.28,0.31,0.32,0.27,0.18,0.14,0.08,2022
기타의 사업,도소매·음식·숙박업,사업장수 (개소),943647,782153,101399,49424,6189,2779,1415,158,89,41,2022
기타의 사업,도소매·음식·숙박업,근로자수 (명),3411267,1180626,649832,745647,227987,185695,226005,58383,61600,75492,2022
기타의 사업,도소매·음식·숙박업,요양재해자수 (명),21325,8919,3485,3784,1021,1056,2049,309,596,106,2022
기타의 사업,도소매·음식·숙박업,요양재해율 (%),0.63,0.76,0.54,0.51,0.45,0.57,0.91,0.53,0.97,0.14,2022
기타의 사업,부동산업 및 임대업,사업장수 (개소),67092,62297,3304,1246,115,68,42,13,3,4,2022
기타의 사업,부동산업 및 임대업,근로자수 (명),151248,82350,20890,18897,4272,4787,7065,4921,1905,6161,2022
기타의 사업,부동산업 및 임대업,요양재해자수 (명),304,192,38,35,7,11,9,6,2,4,2022
기타의 사업,부동산업 및 임대업,요양재해율 (%),0.2,0.23,0.18,0.19,0.16,0.23,0.13,0.12,0.1,0.06,2022
기타의 사업,국가 및 지방자치단체의 사업,사업장수 (개소),36328,15660,5966,9850,3131,953,540,87,90,51,2022
기타의 사업,국가 및 지방자치단체의 사업,근로자수 (명),677769,28375,40165,178111,113304,64203,84802,32375,63753,72681,2022
기타의 사업,국가 및 지방자치단체의 사업,요양재해자수 (명),5191,497,368,1538,852,505,507,186,341,397,2022
기타의 사업,국가 및 지방자치단체의 사업,요양재해율 (%),0.77,1.75,0.92,0.86,0.75,0.79,0.6,0.57,0.53,0.55,2022
기타의 사업,주한미군,사업장수 (개소),175,34,18,37,15,32,26,5,2,6,2022
기타의 사업,주한미군,근로자수 (명),21851,106,118,531,560,2241,4658,1940,1229,10468,2022
기타의 사업,주한미군,요양재해자수 (명),51,1,0,0,1,2,14,4,2,27,2022
기타의 사업,주한미군,요양재해율 (%),0.23,0.94,0,0,0.18,0.09,0.3,0.21,0.16,0.26,2022
기타의 사업,기타의 각종사업,사업장수 (개소),195294,160101,22322,10028,1239,863,502,104,73,62,2022
기타의 사업,기타의 각종사업,근로자수 (명),957806,249883,141856,150869,46032,59808,81773,40267,49594,137724,2022
기타의 사업,기타의 각종사업,요양재해자수 (명),1785,866,296,323,96,70,73,20,14,27,2022
기타의 사업,기타의 각종사업,요양재해율 (%),0.19,0.35,0.21,0.21,0.21,0.12,0.09,0.05,0.03,0.02,2022
총계,소계,사업장수 (개소),2945136,2178996,383332,278656,51624,31364,16698,2485,1332,649,2023
총계,소계,근로자수 (명),20637107,3455239,2490660,4426239,1934621,2130269,2686455,938918,902300,1672406,2023
총계,소계,요양재해자수 (명),136796,38480,16834,28951,10729,10696,13936,4984,3459,8727,2023
총계,소계,요양재해율 (%),0.66,1.11,0.68,0.65,0.55,0.5,0.52,0.53,0.38,0.52,2023
광업,소계,사업장수 (개소),1026,607,155,220,30,7,5,1,1,0,2023
광업,소계,근로자수 (명),9713,1148,1017,3754,1178,505,856,494,761,0,2023
광업,소계,요양재해자수 (명),2988,115,74,284,199,191,799,701,550,75,2023
광업,소계,요양재해율 (%),30.76,10.02,7.28,7.57,16.89,37.82,93.34,141.9,72.27,-,2023
광업,석탄광업 및 채석업,사업장수 (개소),52,28,10,9,1,0,2,1,1,0,2023
광업,석탄광업 및 채석업,근로자수 (명),2073,50,60,184,44,0,480,494,761,0,2023
광업,석탄광업 및 채석업,요양재해자수 (명),2589,45,38,116,151,158,762,694,550,75,2023
광업,석탄광업 및 채석업,요양재해율 (%),124.89,90,63.33,63.04,343.18,-,158.75,140.49,72.27,-,2023
광업,석회석·금속·비금속광업 및 기타광업,사업장수 (개소),974,579,145,211,29,7,3,0,0,0,2023
광업,석회석·금속·비금속광업 및 기타광업,근로자수 (명),7640,1098,957,3570,1134,505,376,0,0,0,2023
광업,석회석·금속·비금속광업 및 기타광업,요양재해자수 (명),399,70,36,168,48,33,37,7,0,0,2023
광업,석회석·금속·비금속광업 및 기타광업,요양재해율 (%),5.22,6.38,3.76,4.71,4.23,6.53,9.84,-,0,0,2023
제조업,소계,사업장수 (개소),412474,275436,61799,53583,10626,6754,3483,447,208,138,2023
제조업,소계,근로자수 (명),4006893,463172,405798,875967,401893,465657,554555,169946,142700,527205,2023
제조업,소계,요양재해자수 (명),32967,6552,4398,7726,2640,2803,2963,959,625,4301,2023
제조업,소계,요양재해율 (%),0.82,1.41,1.08,0.88,0.66,0.6,0.53,0.56,0.44,0.82,2023
제조업,식료품제조업,사업장수 (개소),32519,19798,5225,5182,1130,747,364,44,22,7,2023
제조업,식료품제조업,근로자수 (명),346484,33855,34604,84837,42981,51959,58615,16790,14251,8592,2023
제조업,식료품제조업,요양재해자수 (명),3400,511,453,951,407,457,396,111,54,60,2023
제조업,식료품제조업,요양재해율 (%),0.98,1.51,1.31,1.12,0.95,0.88,0.68,0.66,0.38,0.7,2023
제조업,섬유 및 섬유제품 제조업,사업장수 (개소),27029,19738,3608,2762,520,289,100,9,2,1,2023
제조업,섬유 및 섬유제품 제조업,근로자수 (명),160269,32274,23487,44753,19705,19532,14510,3344,1571,1093,2023
제조업,섬유 및 섬유제품 제조업,요양재해자수 (명),1082,285,142,307,106,110,92,21,1,18,2023
제조업,섬유 및 섬유제품 제조업,요양재해율 (%),0.68,0.88,0.6,0.69,0.54,0.56,0.63,0.63,0.06,1.65,2023
제조업,목재 및 종이제품 제조업,사업장수 (개소),18412,12759,2894,2204,299,160,85,10,1,0,2023
제조업,목재 및 종이제품 제조업,근로자수 (명),115850,21593,18904,35368,11202,11092,13452,3680,559,0,2023
제조업,목재 및 종이제품 제조업,요양재해자수 (명),1590,489,324,438,109,90,114,22,4,0,2023
제조업,목재 및 종이제품 제조업,요양재해율 (%),1.37,2.26,1.71,1.24,0.97,0.81,0.85,0.6,0.72,0,2023
제조업,출판·인쇄·제본업,사업장수 (개소),18791,14235,2365,1646,286,168,82,4,5,0,2023
제조업,출판·인쇄·제본업,근로자수 (명),103909,22768,15382,26697,10584,11285,12120,1628,3445,0,2023
제조업,출판·인쇄·제본업,요양재해자수 (명),387,103,66,123,34,32,28,1,0,0,2023
제조업,출판·인쇄·제본업,요양재해율 (%),0.37,0.45,0.43,0.46,0.32,0.28,0.23,0.06,0,0,2023
제조업,화학 및 고무제품 제조업,사업장수 (개소),41085,25002,6820,6446,1436,849,447,45,24,16,2023
제조업,화학 및 고무제품 제조업,근로자수 (명),437959,44592,44965,107888,54266,57523,70296,16696,16750,24983,2023
제조업,화학 및 고무제품 제조업,요양재해자수 (명),3464,465,423,782,308,331,325,53,58,719,2023
제조업,화학 및 고무제품 제조업,요양재해율 (%),0.79,1.04,0.94,0.72,0.57,0.58,0.46,0.32,0.35,2.88,2023
제조업,의약품·화장품·연탄·석유제품제조업,사업장수 (개소),3799,1837,541,696,215,276,180,33,14,7,2023
제조업,의약품·화장품·연탄·석유제품제조업,근로자수 (명),113869,3219,3586,12255,8355,19665,29798,12825,9279,14887,2023
제조업,의약품·화장품·연탄·석유제품제조업,요양재해자수 (명),354,18,32,66,29,57,87,29,16,20,2023
제조업,의약품·화장품·연탄·석유제품제조업,요양재해율 (%),0.31,0.56,0.89,0.54,0.35,0.29,0.29,0.23,0.17,0.13,2023
제조업,기계기구·금속·비금속광물제품제조업,사업장수 (개소),182187,123517,27445,23144,4290,2352,1186,145,70,38,2023
제조업,기계기구·금속·비금속광물제품제조업,근로자수 (명),1515147,206906,180056,377712,161621,161391,190794,54698,48174,133795,2023
제조업,기계기구·금속·비금속광물제품제조업,요양재해자수 (명),15601,3577,2324,3945,1204,950,1160,544,287,1610,2023
제조업,기계기구·금속·비금속광물제품제조업,요양재해율 (%),1.03,1.73,1.29,1.04,0.74,0.59,0.61,0.99,0.6,1.2,2023
제조업,금속제련업,사업장수 (개소),274,87,38,53,21,25,35,5,4,6,2023
제조업,금속제련업,근로자수 (명),41457,152,274,942,802,1901,6634,1811,2624,26317,2023
제조업,금속제련업,요양재해자수 (명),350,4,3,13,25,43,68,15,34,145,2023
제조업,금속제련업,요양재해율 (%),0.84,2.63,1.09,1.38,3.12,2.26,1.03,0.83,1.3,0.55,2023
제조업,전기기계기구·정밀기구·전자제품제조업,사업장수 (개소),55678,35890,8196,7436,1743,1318,826,148,63,58,2023
제조업,전기기계기구·정밀기구·전자제품제조업,근로자수 (명),911665,61219,53837,122133,66595,91248,132895,57018,43596,283124,2023
제조업,전기기계기구·정밀기구·전자제품제조업,요양재해자수 (명),1939,291,185,368,183,207,281,157,86,181,2023
제조업,전기기계기구·정밀기구·전자제품제조업,요양재해율 (%),0.21,0.48,0.34,0.3,0.27,0.23,0.21,0.28,0.2,0.06,2023
제조업,선박건조 및 수리업,사업장수 (개소),8080,4721,1348,1240,257,377,126,3,3,5,2023
제조업,선박건조 및 수리업,근로자수 (명),127279,7815,8988,18550,9831,27128,16961,1141,2451,34414,2023
제조업,선박건조 및 수리업,요양재해자수 (명),3754,504,282,375,150,440,364,6,85,1548,2023
제조업,선박건조 및 수리업,요양재해율 (%),2.95,6.45,3.14,2.02,1.53,1.62,2.15,0.53,3.47,4.5,2023
제조업,수제품 및 기타제품 제조업,사업장수 (개소),24620,17852,3319,2774,429,193,52,1,0,0,2023
제조업,수제품 및 기타제품 제조업,근로자수 (명),133005,28779,21715,44832,15951,12933,8480,315,0,0,2023
제조업,수제품 및 기타제품 제조업,요양재해자수 (명),1046,305,164,358,85,86,48,0,0,0,2023
제조업,수제품 및 기타제품 제조업,요양재해율 (%),0.79,1.06,0.76,0.8,0.53,0.66,0.57,0,0,0,2023
전기·가스·증기 및 수도사업,소계,사업장수 (개소),3651,2475,285,291,193,251,124,20,5,7,2023
전기·가스·증기 및 수도사업,소계,근로자수 (명),79956,3168,1881,5314,7395,17511,21466,7644,3897,11680,2023
전기·가스·증기 및 수도사업,소계,요양재해자수 (명),134,12,6,22,18,22,28,9,5,12,2023
전기·가스·증기 및 수도사업,소계,요양재해율 (%),0.17,0.38,0.32,0.41,0.24,0.13,0.13,0.12,0.13,0.1,2023
전기·가스·증기 및 수도사업,전기·가스·증기 및 수도사업,사업장수 (개소),3651,2475,285,291,193,251,124,20,5,7,2023
전기·가스·증기 및 수도사업,전기·가스·증기 및 수도사업,근로자수 (명),79956,3168,1881,5314,7395,17511,21466,7644,3897,11680,2023
전기·가스·증기 및 수도사업,전기·가스·증기 및 수도사업,요양재해자수 (명),134,12,6,22,18,22,28,9,5,12,2023
전기·가스·증기 및 수도사업,전기·가스·증기 및 수도사업,요양재해율 (%),0.17,0.38,0.32,0.41,0.24,0.13,0.13,0.12,0.13,0.1,2023
건설업,소계,사업장수 (개소),321949,258248,28161,24958,4128,2999,2582,571,236,66,2023
건설업,소계,근로자수 (명),2233184,338212,186179,398727,155388,206799,443536,213256,152113,138974,2023
건설업,소계,요양재해자수 (명),32353,10228,3376,6534,2035,2450,4599,1710,888,533,2023
건설업,소계,요양재해율 (%),1.45,3.02,1.81,1.64,1.31,1.18,1.04,0.8,0.58,0.38,2023
건설업,건설업,사업장수 (개소),321949,258248,28161,24958,4128,2999,2582,571,236,66,2023
건설업,건설업,근로자수 (명),2233184,338212,186179,398727,155388,206799,443536,213256,152113,138974,2023
건설업,건설업,요양재해자수 (명),32353,10228,3376,6534,2035,2450,4599,1710,888,533,2023
건설업,건설업,요양재해율 (%),1.45,3.02,1.81,1.64,1.31,1.18,1.04,0.8,0.58,0.38,2023
운수·창고 및 통신업,소계,사업장수 (개소),102185,73986,10498,11418,2691,2144,1157,160,82,49,2023
운수·창고 및 통신업,소계,근로자수 (명),1120705,95203,69057,188944,101906,147182,187625,62447,54035,214306,2023
운수·창고 및 통신업,소계,요양재해자수 (명),14937,5510,903,1952,771,1026,1086,430,355,2904,2023
운수·창고 및 통신업,소계,요양재해율 (%),1.33,5.79,1.31,1.03,0.76,0.7,0.58,0.69,0.66,1.36,2023
운수·창고 및 통신업,철도·항공·창고·운수관련서비스업,사업장수 (개소),46911,34280,5135,4966,1099,816,456,78,45,36,2023
운수·창고 및 통신업,철도·항공·창고·운수관련서비스업,근로자수 (명),522624,50045,33446,81751,41505,55598,72774,30742,30334,126429,2023
운수·창고 및 통신업,철도·항공·창고·운수관련서비스업,요양재해자수 (명),3595,848,205,457,218,270,416,154,254,773,2023
운수·창고 및 통신업,철도·항공·창고·운수관련서비스업,요양재해율 (%),0.69,1.69,0.61,0.56,0.53,0.49,0.57,0.5,0.84,0.61,2023
운수·창고 및 통신업,육상 및 수상운수업,사업장수 (개소),49582,36211,4595,5638,1364,1087,596,58,25,8,2023
운수·창고 및 통신업,육상 및 수상운수업,근로자수 (명),501380,38718,30810,92822,51737,74920,97824,22140,16558,75851,2023
운수·창고 및 통신업,육상 및 수상운수업,요양재해자수 (명),11105,4608,678,1456,504,709,649,273,98,2130,2023
운수·창고 및 통신업,육상 및 수상운수업,요양재해율 (%),2.21,11.9,2.2,1.57,0.97,0.95,0.66,1.23,0.59,2.81,2023
운수·창고 및 통신업,통신업,사업장수 (개소),5692,3495,768,814,228,241,105,24,12,5,2023
운수·창고 및 통신업,통신업,근로자수 (명),96701,6440,4801,14371,8664,16664,17027,9565,7143,12026,2023
운수·창고 및 통신업,통신업,요양재해자수 (명),237,54,20,39,49,47,21,3,3,1,2023
운수·창고 및 통신업,통신업,요양재해율 (%),0.25,0.84,0.42,0.27,0.57,0.28,0.12,0.03,0.04,0.01,2023
임업,소계,사업장수 (개소),17948,7599,6600,3193,394,68,75,16,3,0,2023
임업,소계,근로자수 (명),137826,17290,41694,43510,13415,3773,10576,5618,1950,0,2023
임업,소계,요양재해자수 (명),1000,539,262,182,14,2,0,1,0,0,2023
임업,소계,요양재해율 (%),0.73,3.12,0.63,0.42,0.1,0.05,0,0.02,0,0,2023
임업,임업,사업장수 (개소),17948,7599,6600,3193,394,68,75,16,3,0,2023
임업,임업,근로자수 (명),137826,17290,41694,43510,13415,3773,10576,5618,1950,0,2023
임업,임업,요양재해자수 (명),1000,539,262,182,14,2,0,1,0,0,2023
임업,임업,요양재해율 (%),0.73,3.12,0.63,0.42,0.1,0.05,0,0.02,0,0,2023
어업,소계,사업장수 (개소),2129,1777,280,71,1,0,0,0,0,0,2023
어업,소계,근로자수 (명),5775,3025,1743,967,40,0,0,0,0,0,2023
어업,소계,요양재해자수 (명),37,23,13,1,0,0,0,0,0,0,2023
어업,소계,요양재해율 (%),0.64,0.76,0.75,0.1,0,0,0,0,0,0,2023
어업,어업,사업장수 (개소),2129,1777,280,71,1,0,0,0,0,0,2023
어업,어업,근로자수 (명),5775,3025,1743,967,40,0,0,0,0,0,2023
어업,어업,요양재해자수 (명),37,23,13,1,0,0,0,0,0,0,2023
어업,어업,요양재해율 (%),0.64,0.76,0.75,0.1,0,0,0,0,0,0,2023
농업,소계,사업장수 (개소),25693,20694,3217,1480,223,58,19,2,0,0,2023
농업,소계,근로자수 (명),93504,35994,20682,21871,8233,3565,2397,762,0,0,2023
농업,소계,요양재해자수 (명),706,353,128,143,54,21,7,0,0,0,2023
농업,소계,요양재해율 (%),0.76,0.98,0.62,0.65,0.66,0.59,0.29,0,0,0,2023
농업,농업,사업장수 (개소),25693,20694,3217,1480,223,58,19,2,0,0,2023
농업,농업,근로자수 (명),93504,35994,20682,21871,8233,3565,2397,762,0,0,2023
농업,농업,요양재해자수 (명),706,353,128,143,54,21,7,0,0,0,2023
농업,농업,요양재해율 (%),0.76,0.98,0.62,0.65,0.66,0.59,0.29,0,0,0,2023
금융 및 보험업,소계,사업장수 (개소),44137,14584,9019,14894,3211,1542,661,107,64,55,2023
금융 및 보험업,소계,근로자수 (명),853734,26647,62698,243334,118722,101417,101363,42072,43812,113669,2023
금융 및 보험업,소계,요양재해자수 (명),605,72,50,171,113,94,43,9,9,44,2023
금융 및 보험업,소계,요양재해율 (%),0.07,0.27,0.08,0.07,0.1,0.09,0.04,0.02,0.02,0.04,2023
금융 및 보험업,금융 및 보험업,사업장수 (개소),44137,14584,9019,14894,3211,1542,661,107,64,55,2023
금융 및 보험업,금융 및 보험업,근로자수 (명),853734,26647,62698,243334,118722,101417,101363,42072,43812,113669,2023
금융 및 보험업,금융 및 보험업,요양재해자수 (명),605,72,50,171,113,94,43,9,9,44,2023
금융 및 보험업,금융 및 보험업,요양재해율 (%),0.07,0.27,0.08,0.07,0.1,0.09,0.04,0.02,0.02,0.04,2023
기타의 사업,소계,사업장수 (개소),2013944,1523590,263318,168548,30127,17541,8592,1161,733,334,2023
기타의 사업,소계,근로자수 (명),12095817,2471380,1699911,2643851,1126451,1183860,1364081,436679,503032,666572,2023
기타의 사업,소계,요양재해자수 (명),51069,15076,7624,11936,4885,4087,4411,1165,1027,858,2023
기타의 사업,소계,요양재해율 (%),0.42,0.61,0.45,0.45,0.43,0.35,0.32,0.27,0.2,0.13,2023
기타의 사업,시설관리및사업지원서비스업,사업장수 (개소),275033,173293,51758,37487,6477,3958,1743,182,110,25,2023
기타의 사업,시설관리및사업지원서비스업,근로자수 (명),2191469,312492,335785,583071,242071,264707,264710,67774,75428,45431,2023
기타의 사업,시설관리및사업지원서비스업,요양재해자수 (명),10284,2737,2067,2890,1033,839,531,102,64,21,2023
기타의 사업,시설관리및사업지원서비스업,요양재해율 (%),0.47,0.88,0.62,0.5,0.43,0.32,0.2,0.15,0.08,0.05,2023
기타의 사업,해외파견자,사업장수 (개소),5031,3564,574,540,157,115,65,7,8,1,2023
기타의 사업,해외파견자,근로자수 (명),50634,4924,3757,8888,5924,7956,9643,2765,5512,1265,2023
기타의 사업,해외파견자,요양재해자수 (명),20,3,0,6,4,5,0,0,1,1,2023
기타의 사업,해외파견자,요양재해율 (%),0.04,0.06,0,0.07,0.07,0.06,0,0,0.02,0.08,2023
기타의 사업,전문·보건·교육·여가관련서비스업,사업장수 (개소),478865,321397,74586,57239,11969,8430,4180,585,324,155,2023
기타의 사업,전문·보건·교육·여가관련서비스업,근로자수 (명),4441882,566212,484657,918426,453694,573266,673712,221516,219796,330603,2023
기타의 사업,전문·보건·교육·여가관련서비스업,요양재해자수 (명),11666,1710,1086,2613,1557,1800,1973,397,241,289,2023
기타의 사업,전문·보건·교육·여가관련서비스업,요양재해율 (%),0.26,0.3,0.22,0.28,0.34,0.31,0.29,0.18,0.11,0.09,2023
기타의 사업,도소매·음식·숙박업,사업장수 (개소),952702,784476,104994,52010,6528,2943,1447,162,100,42,2023
기타의 사업,도소매·음식·숙박업,근로자수 (명),3553357,1219856,674323,785066,240630,196322,231773,59395,68321,77671,2023
기타의 사업,도소매·음식·숙박업,요양재해자수 (명),21064,9079,3777,4423,1115,751,1156,367,237,159,2023
기타의 사업,도소매·음식·숙박업,요양재해율 (%),0.59,0.74,0.56,0.56,0.46,0.38,0.5,0.62,0.35,0.2,2023
기타의 사업,부동산업 및 임대업,사업장수 (개소),67929,62829,3454,1370,133,77,44,14,4,4,2023
기타의 사업,부동산업 및 임대업,근로자수 (명),158723,85402,21727,20680,4943,5558,6927,5258,2348,5880,2023
기타의 사업,부동산업 및 임대업,요양재해자수 (명),295,181,36,41,8,8,9,3,5,4,2023
기타의 사업,부동산업 및 임대업,요양재해율 (%),0.19,0.21,0.17,0.2,0.16,0.14,0.13,0.06,0.21,0.07,2023
기타의 사업,국가 및 지방자치단체의 사업,사업장수 (개소),37862,16549,6016,9824,3572,1096,573,92,100,40,2023
기타의 사업,국가 및 지방자치단체의 사업,근로자수 (명),703158,30005,40567,176015,130910,72653,88916,34559,72051,57482,2023
기타의 사업,국가 및 지방자치단체의 사업,요양재해자수 (명),5834,553,346,1580,1067,563,653,281,461,330,2023
기타의 사업,국가 및 지방자치단체의 사업,요양재해율 (%),0.83,1.84,0.85,0.9,0.82,0.77,0.73,0.81,0.64,0.57,2023
기타의 사업,주한미군,사업장수 (개소),176,34,18,37,15,33,26,5,2,6,2023
기타의 사업,주한미군,근로자수 (명),21918,106,118,530,560,2311,4656,1940,1229,10468,2023
기타의 사업,주한미군,요양재해자수 (명),40,0,0,2,1,1,17,5,1,13,2023
기타의 사업,주한미군,요양재해율 (%),0.18,0,0,0.38,0.18,0.04,0.37,0.26,0.08,0.12,2023
기타의 사업,기타의 각종사업,사업장수 (개소),196346,161448,21918,10041,1276,889,514,114,85,61,2023
기타의 사업,기타의 각종사업,근로자수 (명),974676,252383,138977,151175,47719,61087,83744,43472,58347,137772,2023
기타의 사업,기타의 각종사업,요양재해자수 (명),1866,813,312,381,100,120,72,10,17,41,2023
기타의 사업,기타의 각종사업,요양재해율 (%),0.19,0.32,0.22,0.25,0.21,0.2,0.09,0.02,0.03,0.03,2023